,user_id,00-01,01-00,01-01,02-00,02-01,03-00,03-01,04-00,04-01,05-00,05-01,06-00,06-01,07-00,07-01
0,00001,6.324675324675325,16.467532467532468,16.857142857142858,23.22077922077922,18.83116883116883,22.532467532467532,35.8051948051948,12.818181818181818,21.350649350649352,24.376623376623378,40.96103896103896,7.766233766233766,11.207792207792208,8.0,18.16883116883117
1,00005,14.181818181818182,9.831168831168831,20.07792207792208,13.688311688311689,9.571428571428571,18.584415584415584,11.7012987012987,6.181818181818182,11.064935064935066,49.8051948051948,17.48051948051948,10.74025974025974,12.818181818181818,16.48051948051948,60.246753246753244
2,00007,17.753246753246753,9.181818181818182,18.662337662337663,17.883116883116884,25.98701298701299,19.7012987012987,38.922077922077925,13.285714285714286,27.74025974025974,61.79220779220779,33.48051948051948,7.87012987012987,19.584415584415584,16.844155844155843,49.714285714285715
3,00008,10.64935064935065,9.03896103896104,19.883116883116884,14.818181818181818,21.714285714285715,12.181818181818182,11.480519480519481,10.818181818181818,16.83116883116883,45.74025974025974,21.103896103896105,9.194805194805195,10.272727272727273,11.519480519480519,31.571428571428573
4,00009,8.246753246753247,9.688311688311689,8.506493506493506,7.87012987012987,10.402597402597403,13.116883116883116,16.675324675324674,6.467532467532467,10.168831168831169,22.714285714285715,11.272727272727273,9.051948051948052,9.818181818181818,7.415584415584416,11.233766233766234
5,00012,15.051948051948052,17.896103896103895,19.974025974025974,17.83116883116883,28.337662337662337,19.25974025974026,19.48051948051948,21.896103896103895,16.25974025974026,46.44155844155844,22.961038961038962,21.337662337662337,19.31168831168831,20.467532467532468,18.805194805194805
6,00054,9.064935064935066,25.4025974025974,23.77922077922078,23.324675324675326,18.792207792207794,24.83116883116883,27.4025974025974,12.025974025974026,25.142857142857142,49.5974025974026,28.246753246753247,23.207792207792206,22.51948051948052,14.896103896103897,25.727272727272727
7,00094,12.922077922077921,45.18181818181818,20.805194805194805,15.948051948051948,14.428571428571429,19.83116883116883,22.90909090909091,37.285714285714285,36.701298701298704,63.45454545454545,49.493506493506494,10.818181818181818,10.558441558441558,24.506493506493506,62.16883116883117
8,00101,13.74025974025974,10.25974025974026,15.181818181818182,21.636363636363637,24.636363636363637,20.350649350649352,27.194805194805195,9.766233766233766,21.350649350649352,65.72727272727273,37.36363636363637,8.402597402597403,20.38961038961039,23.363636363636363,44.72727272727273
9,00188,10.558441558441558,13.493506493506494,14.584415584415584,10.571428571428571,18.441558441558442,14.623376623376624,10.38961038961039,15.03896103896104,15.207792207792208,43.688311688311686,21.766233766233768,10.35064935064935,13.909090909090908,13.402597402597403,22.25974025974026
10,00248,8.493506493506494,13.922077922077921,8.142857142857142,14.090909090909092,8.61038961038961,11.38961038961039,9.87012987012987,9.467532467532468,12.428571428571429,32.94805194805195,38.753246753246756,20.74025974025974,11.285714285714286,7.467532467532467,10.03896103896104
11,00251,32.5974025974026,27.87012987012987,20.883116883116884,24.09090909090909,38.38961038961039,12.324675324675324,37.142857142857146,27.545454545454547,30.2987012987013,67.28571428571429,40.03896103896104,20.623376623376622,17.181818181818183,23.285714285714285,52.935064935064936
12,00254,12.272727272727273,16.571428571428573,31.103896103896105,6.246753246753247,28.337662337662337,20.948051948051948,28.948051948051948,17.818181818181817,27.142857142857142,25.0,34.25974025974026,22.246753246753247,17.142857142857142,39.97402597402598,32.01298701298701
13,00541,12.571428571428571,14.285714285714286,15.03896103896104,23.4025974025974,17.337662337662337,37.38961038961039,40.12987012987013,8.766233766233766,15.883116883116884,49.883116883116884,50.79220779220779,8.454545454545455,19.285714285714285,37.896103896103895,33.12987012987013
14,00947,16.766233766233768,8.584415584415584,23.649350649350648,14.116883116883116,6.558441558441558,25.051948051948052,19.337662337662337,8.051948051948052,16.376623376623378,12.376623376623376,15.818181818181818,14.571428571428571,17.896103896103895,27.246753246753247,52.25974025974026
15,01083,8.03896103896104,20.16883116883117,34.116883116883116,13.805194805194805,35.64935064935065,13.597402597402597,29.207792207792206,18.896103896103895,16.896103896103895,77.23376623376623,41.883116883116884,30.038961038961038,21.51948051948052,70.1948051948052,47.96103896103896
16,01229,22.038961038961038,19.415584415584416,18.363636363636363,7.532467532467533,13.2987012987013,24.98701298701299,16.77922077922078,13.077922077922079,17.766233766233768,45.20779220779221,41.493506493506494,14.675324675324676,14.493506493506494,17.4025974025974,20.2987012987013
17,01235,12.415584415584416,11.168831168831169,5.207792207792208,22.61038961038961,15.38961038961039,22.961038961038962,22.92207792207792,12.922077922077921,23.896103896103895,27.51948051948052,29.194805194805195,18.92207792207792,15.168831168831169,29.766233766233768,23.857142857142858
18,01246,28.558441558441558,29.766233766233768,65.72727272727273,30.714285714285715,30.142857142857142,68.27272727272727,40.05194805194805,32.20779220779221,49.55844155844156,96.44155844155844,74.96103896103897,22.5974025974026,66.46753246753246,96.59740259740259,84.22077922077922
19,01330,5.298701298701299,12.12987012987013,28.506493506493506,16.31168831168831,29.233766233766232,20.22077922077922,24.5974025974026,23.493506493506494,23.103896103896105,33.03896103896104,17.571428571428573,6.896103896103896,13.974025974025974,24.7012987012987,31.7012987012987
20,01654,63.298701298701296,10.38961038961039,66.15584415584415,23.766233766233768,64.05194805194805,37.55844155844156,78.71428571428571,37.37662337662338,91.84415584415585,71.85714285714286,92.16883116883118,24.207792207792206,67.66233766233766,45.18181818181818,99.83116883116882
21,01658,35.97402597402598,10.844155844155845,29.324675324675326,9.272727272727273,16.103896103896105,12.025974025974026,21.961038961038962,9.519480519480519,17.324675324675326,58.03896103896104,89.93506493506493,9.571428571428571,18.064935064935064,12.597402597402597,40.64935064935065
22,01666,5.025974025974026,9.987012987012987,7.675324675324675,10.597402597402597,11.623376623376624,9.480519480519481,15.558441558441558,14.246753246753247,12.935064935064934,23.896103896103895,30.233766233766232,16.61038961038961,12.545454545454545,10.2987012987013,14.337662337662337
23,01668,20.844155844155843,15.519480519480519,25.246753246753247,20.116883116883116,30.545454545454547,14.662337662337663,22.727272727272727,17.454545454545453,45.72727272727273,62.05194805194805,48.84415584415584,13.285714285714286,12.766233766233766,66.50649350649351,61.077922077922075
24,01669,32.03896103896104,44.66233766233766,47.246753246753244,38.20779220779221,40.37662337662338,28.896103896103895,31.766233766233768,40.22077922077922,29.92207792207792,43.96103896103896,31.51948051948052,39.35064935064935,33.16883116883117,30.98701298701299,37.05194805194805
25,01671,6.584415584415584,17.727272727272727,24.61038961038961,16.16883116883117,15.35064935064935,5.7272727272727275,6.883116883116883,17.5974025974026,16.7012987012987,55.33766233766234,59.03896103896104,13.467532467532468,13.12987012987013,16.766233766233768,28.90909090909091
26,01674,10.857142857142858,13.597402597402597,3.5064935064935066,17.194805194805195,14.337662337662337,41.36363636363637,17.51948051948052,16.77922077922078,12.181818181818182,37.5974025974026,21.896103896103895,7.467532467532467,14.363636363636363,14.194805194805195,29.623376623376622
27,02044,15.688311688311689,16.766233766233768,15.597402597402597,4.792207792207792,14.662337662337663,17.116883116883116,21.155844155844157,18.5974025974026,19.467532467532468,33.79220779220779,31.662337662337663,18.98701298701299,17.558441558441558,18.103896103896105,19.454545454545453
28,02069,18.4025974025974,9.558441558441558,16.87012987012987,9.922077922077921,18.753246753246753,13.090909090909092,18.246753246753247,22.545454545454547,35.22077922077922,50.37662337662338,36.72727272727273,10.636363636363637,22.883116883116884,24.571428571428573,49.87012987012987
29,02381,17.493506493506494,11.480519480519481,53.61038961038961,15.896103896103897,39.23376623376623,14.116883116883116,26.92207792207792,40.142857142857146,28.467532467532468,55.857142857142854,32.18181818181818,13.805194805194805,40.142857142857146,17.883116883116884,37.01298701298701
30,02497,9.688311688311689,5.805194805194805,12.688311688311689,8.74025974025974,13.805194805194805,6.441558441558442,19.116883116883116,6.714285714285714,15.233766233766234,36.94805194805195,65.57142857142857,20.649350649350648,9.935064935064934,5.376623376623376,5.64935064935065
31,02498,13.324675324675324,48.51948051948052,73.23376623376623,19.68831168831169,65.33766233766234,42.45454545454545,67.6103896103896,12.25974025974026,16.181818181818183,60.61038961038961,54.896103896103895,36.83116883116883,32.12987012987013,35.20779220779221,18.948051948051948
32,02562,11.831168831168831,19.571428571428573,29.961038961038962,15.441558441558442,38.05194805194805,30.064935064935064,27.194805194805195,12.519480519480519,28.324675324675326,62.45454545454545,58.896103896103895,13.623376623376624,21.90909090909091,26.545454545454547,26.90909090909091
33,02600,14.675324675324676,19.064935064935064,23.83116883116883,44.57142857142857,38.467532467532465,33.311688311688314,46.84415584415584,16.545454545454547,49.96103896103896,57.1948051948052,61.896103896103895,41.285714285714285,14.246753246753247,87.92207792207792,48.675324675324674
34,02696,7.090909090909091,15.363636363636363,16.675324675324674,15.623376623376624,14.2987012987013,6.324675324675325,17.584415584415584,6.2727272727272725,15.766233766233766,54.12987012987013,38.55844155844156,5.805194805194805,13.363636363636363,13.662337662337663,13.493506493506494
35,03443,23.844155844155843,17.87012987012987,19.74025974025974,33.03896103896104,31.493506493506494,32.883116883116884,25.22077922077922,18.5974025974026,21.07792207792208,59.493506493506494,64.0,15.415584415584416,21.103896103896105,19.038961038961038,20.16883116883117
36,03452,5.3896103896103895,4.7272727272727275,11.142857142857142,12.25974025974026,13.233766233766234,8.272727272727273,29.545454545454547,5.298701298701299,18.116883116883116,24.051948051948052,32.57142857142857,5.1558441558441555,5.207792207792208,10.025974025974026,38.38961038961039
37,03478,11.2987012987013,11.428571428571429,19.22077922077922,51.37662337662338,13.74025974025974,67.18181818181819,39.532467532467535,8.480519480519481,17.363636363636363,71.48051948051948,37.4025974025974,14.675324675324676,22.337662337662337,16.818181818181817,29.207792207792206
38,03481,12.454545454545455,36.62337662337662,47.09090909090909,14.090909090909092,42.57142857142857,18.4025974025974,46.02597402597402,13.480519480519481,29.428571428571427,48.72727272727273,29.844155844155843,17.68831168831169,20.4025974025974,57.883116883116884,36.20779220779221
39,03637,8.61038961038961,14.766233766233766,12.909090909090908,6.701298701298701,14.428571428571429,14.662337662337663,17.064935064935064,9.363636363636363,21.31168831168831,66.62337662337663,56.467532467532465,8.558441558441558,19.12987012987013,14.519480519480519,16.038961038961038
40,03675,22.935064935064936,20.98701298701299,19.350649350649352,30.363636363636363,28.90909090909091,21.571428571428573,68.05194805194805,14.012987012987013,44.896103896103895,53.0,60.87012987012987,16.285714285714285,35.62337662337662,52.23376623376623,54.61038961038961
41,03690,7.922077922077922,15.87012987012987,40.103896103896105,10.467532467532468,23.90909090909091,28.285714285714285,61.532467532467535,5.3896103896103895,24.792207792207794,36.87012987012987,37.116883116883116,7.142857142857143,17.77922077922078,17.376623376623378,37.63636363636363
42,03707,17.31168831168831,40.01298701298701,34.103896103896105,21.506493506493506,30.935064935064936,40.45454545454545,35.18181818181818,20.363636363636363,19.181818181818183,60.74025974025974,62.883116883116884,18.818181818181817,17.324675324675326,9.753246753246753,16.181818181818183
43,03711,14.363636363636363,34.311688311688314,60.64935064935065,92.8051948051948,132.71428571428572,15.792207792207792,33.077922077922075,27.90909090909091,42.84415584415584,20.883116883116884,26.87012987012987,35.37662337662338,66.42857142857143,25.74025974025974,33.532467532467535
44,03741,19.337662337662337,17.246753246753247,17.766233766233768,23.025974025974026,26.025974025974026,28.5974025974026,33.116883116883116,16.233766233766232,21.662337662337663,51.077922077922075,15.64935064935065,9.285714285714286,18.5974025974026,7.675324675324675,16.428571428571427
45,04300,25.181818181818183,9.194805194805195,15.727272727272727,17.16883116883117,23.714285714285715,24.545454545454547,49.116883116883116,11.662337662337663,58.38961038961039,71.15584415584415,46.45454545454545,13.051948051948052,33.42857142857143,105.48051948051948,94.6103896103896
46,04424,12.155844155844155,20.584415584415584,13.571428571428571,22.207792207792206,17.38961038961039,18.792207792207794,28.337662337662337,17.74025974025974,23.441558441558442,28.948051948051948,28.974025974025974,4.688311688311688,15.688311688311689,23.948051948051948,23.272727272727273
47,04425,14.922077922077921,16.064935064935064,5.714285714285714,12.792207792207792,20.07792207792208,7.246753246753247,20.792207792207794,12.805194805194805,17.714285714285715,41.90909090909091,29.935064935064936,15.753246753246753,21.649350649350648,11.844155844155845,13.909090909090908
48,04428,13.103896103896103,26.31168831168831,9.688311688311689,26.324675324675326,18.636363636363637,24.051948051948052,20.87012987012987,36.90909090909091,44.4025974025974,45.1948051948052,26.337662337662337,30.207792207792206,10.142857142857142,34.48051948051948,39.18181818181818
49,04429,4.363636363636363,11.519480519480519,25.181818181818183,10.428571428571429,13.857142857142858,29.350649350649352,23.363636363636363,91.81818181818181,46.15584415584416,85.14285714285714,88.42857142857143,18.792207792207794,18.675324675324674,96.85714285714286,79.62337662337663
50,04430,16.415584415584416,7.7272727272727275,16.883116883116884,5.220779220779221,26.09090909090909,5.363636363636363,16.493506493506494,10.675324675324676,18.83116883116883,16.753246753246753,30.181818181818183,12.506493506493506,17.4025974025974,12.623376623376624,21.844155844155843
51,04431,8.7012987012987,10.337662337662337,23.285714285714285,15.285714285714286,19.441558441558442,22.493506493506494,48.84415584415584,8.597402597402597,23.25974025974026,36.63636363636363,42.37662337662338,10.480519480519481,17.545454545454547,20.636363636363637,20.25974025974026
52,04435,16.675324675324674,28.337662337662337,73.66233766233766,24.246753246753247,40.506493506493506,12.168831168831169,47.03896103896104,11.519480519480519,47.142857142857146,66.28571428571429,51.23376623376623,25.714285714285715,24.857142857142858,13.753246753246753,36.116883116883116
53,04438,25.116883116883116,5.9480519480519485,46.41558441558441,20.31168831168831,30.675324675324674,27.337662337662337,24.571428571428573,26.5974025974026,49.142857142857146,23.558441558441558,28.467532467532468,28.376623376623378,42.27272727272727,10.220779220779221,64.67532467532467
54,04441,12.571428571428571,24.376623376623378,31.441558441558442,11.155844155844155,16.805194805194805,25.714285714285715,39.753246753246756,31.727272727272727,23.623376623376622,85.51948051948052,90.16883116883118,22.324675324675326,20.25974025974026,30.415584415584416,61.09090909090909
55,04444,12.090909090909092,32.116883116883116,61.54545454545455,59.48051948051948,64.32467532467533,33.01298701298701,50.493506493506494,59.311688311688314,73.55844155844156,62.97402597402598,50.935064935064936,37.35064935064935,45.57142857142857,43.45454545454545,62.27272727272727
56,04445,8.2987012987013,21.207792207792206,43.05194805194805,14.194805194805195,26.01298701298701,4.766233766233766,27.5974025974026,8.987012987012987,25.792207792207794,70.11688311688312,69.68831168831169,26.61038961038961,23.571428571428573,13.909090909090908,16.493506493506494
57,04446,18.025974025974026,17.324675324675326,34.36363636363637,31.545454545454547,45.532467532467535,27.363636363636363,42.76623376623377,30.753246753246753,24.324675324675326,62.922077922077925,42.922077922077925,16.025974025974026,40.883116883116884,78.98701298701299,39.506493506493506
58,04449,9.38961038961039,14.948051948051948,19.98701298701299,58.246753246753244,22.532467532467532,22.558441558441558,12.090909090909092,14.246753246753247,19.493506493506494,67.46753246753246,49.896103896103895,19.571428571428573,12.142857142857142,24.98701298701299,23.350649350649352
59,04450,20.2987012987013,35.142857142857146,45.36363636363637,29.337662337662337,26.571428571428573,22.5974025974026,50.5974025974026,23.90909090909091,62.79220779220779,67.12987012987013,43.753246753246756,16.467532467532468,37.48051948051948,32.98701298701299,81.0909090909091
60,04452,6.688311688311688,14.194805194805195,13.675324675324676,15.545454545454545,11.805194805194805,17.766233766233768,9.935064935064934,14.181818181818182,10.558441558441558,43.714285714285715,18.181818181818183,11.792207792207792,7.402597402597403,13.012987012987013,14.87012987012987
61,04453,6.0519480519480515,19.90909090909091,23.935064935064936,28.285714285714285,22.844155844155843,16.2987012987013,17.337662337662337,30.649350649350648,58.81818181818182,37.857142857142854,42.09090909090909,25.532467532467532,17.103896103896105,59.142857142857146,54.35064935064935
62,04459,10.584415584415584,31.805194805194805,17.2987012987013,6.194805194805195,38.76623376623377,14.363636363636363,26.051948051948052,25.727272727272727,30.805194805194805,36.8051948051948,33.077922077922075,16.506493506493506,35.54545454545455,30.025974025974026,55.532467532467535
63,04461,13.7012987012987,11.181818181818182,11.727272727272727,10.012987012987013,11.155844155844155,10.662337662337663,12.0,30.350649350649352,8.480519480519481,13.636363636363637,21.246753246753247,17.194805194805195,9.480519480519481,22.272727272727273,10.987012987012987
64,04480,16.753246753246753,22.285714285714285,18.324675324675326,29.324675324675326,25.558441558441558,17.31168831168831,26.207792207792206,16.51948051948052,15.779220779220779,56.701298701298704,53.20779220779221,12.363636363636363,11.0,24.272727272727273,13.376623376623376
65,04510,10.116883116883116,7.636363636363637,30.74025974025974,9.818181818181818,32.98701298701299,13.246753246753247,28.376623376623378,6.818181818181818,13.753246753246753,17.935064935064936,61.077922077922075,15.844155844155845,8.194805194805195,9.61038961038961,16.558441558441558
66,04511,16.064935064935064,29.818181818181817,34.72727272727273,28.441558441558442,34.09090909090909,24.428571428571427,36.76623376623377,26.857142857142858,31.16883116883117,21.16883116883117,35.935064935064936,26.662337662337663,33.76623376623377,30.7012987012987,14.2987012987013
67,04569,7.714285714285714,19.961038961038962,20.948051948051948,15.363636363636363,18.155844155844157,15.454545454545455,20.532467532467532,18.662337662337663,19.584415584415584,55.81818181818182,47.857142857142854,17.16883116883117,18.896103896103895,14.35064935064935,18.337662337662337
68,04570,32.064935064935064,14.883116883116884,23.025974025974026,14.38961038961039,17.116883116883116,27.454545454545453,20.558441558441558,17.467532467532468,32.38961038961039,49.45454545454545,31.272727272727273,21.974025974025974,18.116883116883116,9.363636363636363,26.285714285714285
69,04571,9.467532467532468,21.727272727272727,26.337662337662337,19.051948051948052,41.064935064935064,17.246753246753247,28.0,11.792207792207792,15.935064935064934,21.181818181818183,33.0,18.766233766233768,9.922077922077921,17.025974025974026,16.649350649350648
70,04572,31.31168831168831,15.454545454545455,26.584415584415584,12.142857142857142,37.22077922077922,41.87012987012987,39.36363636363637,16.051948051948052,50.03896103896104,67.87012987012987,40.64935064935065,15.831168831168831,24.181818181818183,25.584415584415584,86.83116883116882
71,04573,6.8441558441558445,9.974025974025974,6.038961038961039,32.116883116883116,12.909090909090908,12.155844155844155,13.2987012987013,29.805194805194805,40.51948051948052,24.87012987012987,43.41558441558441,22.74025974025974,10.662337662337663,7.324675324675325,51.701298701298704
72,04575,8.25974025974026,6.012987012987013,6.701298701298701,9.844155844155845,18.571428571428573,16.662337662337663,52.116883116883116,15.428571428571429,40.44155844155844,52.09090909090909,47.142857142857146,4.402597402597403,17.194805194805195,15.714285714285714,52.493506493506494
73,04652,14.805194805194805,10.831168831168831,17.22077922077922,9.0,23.051948051948052,10.948051948051948,22.155844155844157,7.363636363636363,17.467532467532468,33.311688311688314,23.92207792207792,16.16883116883117,12.87012987012987,11.064935064935066,24.01298701298701
74,04654,12.051948051948052,7.402597402597403,11.987012987012987,20.207792207792206,13.532467532467532,22.90909090909091,56.35064935064935,9.506493506493506,35.33766233766234,70.49350649350649,69.24675324675324,7.077922077922078,23.766233766233768,23.493506493506494,55.922077922077925
75,04655,7.909090909090909,27.493506493506494,17.77922077922078,5.4935064935064934,35.077922077922075,21.675324675324674,22.545454545454547,21.5974025974026,17.818181818181817,24.571428571428573,15.844155844155845,21.896103896103895,14.805194805194805,16.363636363636363,23.805194805194805
76,04657,6.623376623376624,8.597402597402597,14.64935064935065,8.584415584415584,9.571428571428571,10.96103896103896,17.714285714285715,9.896103896103897,7.220779220779221,14.714285714285714,20.025974025974026,7.402597402597403,8.064935064935066,12.12987012987013,5.792207792207792
77,04663,5.935064935064935,7.7272727272727275,8.051948051948052,21.636363636363637,29.4025974025974,19.662337662337663,12.376623376623376,14.363636363636363,9.454545454545455,56.41558441558441,46.90909090909091,11.376623376623376,18.935064935064936,22.25974025974026,25.350649350649352
78,04665,19.584415584415584,7.584415584415584,18.51948051948052,2.831168831168831,10.220779220779221,8.974025974025974,7.181818181818182,15.415584415584416,11.181818181818182,14.051948051948052,11.844155844155845,9.116883116883116,7.207792207792208,11.311688311688311,3.909090909090909
79,04682,9.220779220779221,21.142857142857142,26.77922077922078,10.779220779220779,20.74025974025974,16.714285714285715,29.649350649350648,14.766233766233766,22.649350649350648,65.23376623376623,73.18181818181819,5.896103896103896,25.805194805194805,12.168831168831169,34.63636363636363
80,04857,8.623376623376624,12.246753246753247,14.363636363636363,7.077922077922078,11.753246753246753,5.298701298701299,25.01298701298701,3.4285714285714284,11.753246753246753,35.51948051948052,38.97402597402598,4.701298701298701,11.519480519480519,9.207792207792208,7.935064935064935
81,04859,12.545454545454545,8.12987012987013,11.948051948051948,12.896103896103897,13.831168831168831,4.675324675324675,14.805194805194805,16.90909090909091,13.168831168831169,16.01298701298701,26.7012987012987,16.662337662337663,17.48051948051948,18.324675324675326,16.025974025974026
82,04860,8.025974025974026,9.493506493506494,22.2987012987013,19.207792207792206,53.97402597402598,17.428571428571427,30.01298701298701,46.506493506493506,56.81818181818182,62.16883116883117,36.62337662337662,28.857142857142858,13.415584415584416,24.116883116883116,61.285714285714285
83,04862,6.116883116883117,18.194805194805195,11.61038961038961,7.233766233766234,32.16883116883117,22.428571428571427,49.064935064935064,20.181818181818183,42.90909090909091,80.77922077922078,79.40259740259741,21.5974025974026,62.98701298701299,35.12987012987013,45.42857142857143
84,04863,5.857142857142857,13.779220779220779,11.545454545454545,17.506493506493506,11.12987012987013,23.68831168831169,28.68831168831169,27.09090909090909,20.07792207792208,140.2987012987013,120.33766233766234,24.051948051948052,11.181818181818182,31.974025974025974,39.675324675324674
85,04864,14.688311688311689,5.103896103896104,19.68831168831169,10.831168831168831,18.649350649350648,8.909090909090908,11.03896103896104,5.8311688311688314,17.558441558441558,37.97402597402598,21.428571428571427,21.454545454545453,32.714285714285715,36.12987012987013,92.63636363636364
86,04865,20.454545454545453,5.922077922077922,12.220779220779221,13.636363636363637,17.064935064935064,28.285714285714285,35.701298701298704,9.87012987012987,28.31168831168831,86.18181818181819,50.20779220779221,10.324675324675324,28.545454545454547,14.415584415584416,63.57142857142857
87,04866,9.155844155844155,5.636363636363637,12.87012987012987,10.025974025974026,10.558441558441558,18.2987012987013,17.31168831168831,4.415584415584416,8.493506493506494,97.20779220779221,77.36363636363636,8.454545454545455,9.142857142857142,12.077922077922079,33.03896103896104
88,04867,10.675324675324676,26.194805194805195,14.61038961038961,25.532467532467532,13.415584415584416,29.025974025974026,26.25974025974026,14.506493506493506,12.506493506493506,66.02597402597402,68.16883116883118,11.272727272727273,15.38961038961039,16.2987012987013,11.974025974025974
89,04870,13.285714285714286,23.194805194805195,24.68831168831169,14.61038961038961,26.194805194805195,21.883116883116884,32.05194805194805,7.337662337662338,28.766233766233768,13.792207792207792,19.454545454545453,14.051948051948052,14.142857142857142,18.974025974025974,40.753246753246756
90,05053,8.064935064935066,9.376623376623376,25.961038961038962,12.96103896103896,8.896103896103897,16.363636363636363,43.44155844155844,15.662337662337663,22.753246753246753,42.57142857142857,42.935064935064936,12.688311688311689,13.974025974025974,26.818181818181817,51.79220779220779
91,05054,25.25974025974026,39.23376623376623,15.662337662337663,23.935064935064936,101.77922077922078,18.4025974025974,36.25974025974026,32.532467532467535,42.1948051948052,80.11688311688312,35.103896103896105,29.805194805194805,14.415584415584416,53.935064935064936,45.077922077922075
92,05055,10.194805194805195,9.558441558441558,9.467532467532468,21.7012987012987,15.831168831168831,16.948051948051948,23.714285714285715,12.948051948051948,22.376623376623378,37.96103896103896,26.766233766233768,7.363636363636363,6.896103896103896,13.12987012987013,26.92207792207792
93,05056,29.727272727272727,28.649350649350648,33.35064935064935,29.935064935064936,39.077922077922075,31.584415584415584,22.571428571428573,37.103896103896105,40.76623376623377,23.974025974025974,30.98701298701299,10.12987012987013,20.350649350649352,29.83116883116883,41.79220779220779
94,05058,6.623376623376624,17.207792207792206,29.246753246753247,22.805194805194805,22.142857142857142,26.350649350649352,32.103896103896105,10.506493506493506,28.727272727272727,39.63636363636363,20.376623376623378,9.519480519480519,15.337662337662337,47.883116883116884,34.36363636363637
95,05060,51.03896103896104,23.818181818181817,86.06493506493507,30.441558441558442,67.50649350649351,27.584415584415584,40.72727272727273,19.584415584415584,52.116883116883116,64.72727272727273,58.324675324675326,27.428571428571427,80.3896103896104,32.36363636363637,47.55844155844156
96,05061,12.493506493506494,18.61038961038961,13.831168831168831,17.753246753246753,18.506493506493506,13.12987012987013,19.766233766233768,21.467532467532468,9.987012987012987,25.376623376623378,37.45454545454545,7.714285714285714,15.194805194805195,17.7012987012987,25.441558441558442
97,05063,11.974025974025974,17.064935064935064,15.493506493506494,24.857142857142858,14.441558441558442,15.818181818181818,26.883116883116884,6.701298701298701,40.79220779220779,64.44155844155844,34.98701298701299,33.94805194805195,10.7012987012987,56.4025974025974,44.077922077922075
98,05065,4.5064935064935066,10.974025974025974,16.571428571428573,26.233766233766232,21.181818181818183,32.03896103896104,32.38961038961039,19.415584415584416,25.68831168831169,59.41558441558441,37.22077922077922,9.441558441558442,16.0,15.480519480519481,18.545454545454547
99,05069,13.766233766233766,25.77922077922078,38.857142857142854,39.51948051948052,39.45454545454545,46.09090909090909,46.66233766233766,14.467532467532468,26.844155844155843,39.97402597402598,35.0,22.77922077922078,27.792207792207794,63.22077922077922,53.61038961038961
100,05581,7.376623376623376,16.428571428571427,19.92207792207792,13.571428571428571,14.545454545454545,9.792207792207792,16.5974025974026,22.454545454545453,15.64935064935065,36.0,31.16883116883117,31.207792207792206,14.64935064935065,37.63636363636363,21.571428571428573
101,05582,25.337662337662337,15.896103896103897,21.48051948051948,22.337662337662337,7.428571428571429,11.64935064935065,27.883116883116884,25.92207792207792,24.68831168831169,50.298701298701296,29.98701298701299,17.77922077922078,31.90909090909091,21.545454545454547,21.428571428571427
102,05637,6.298701298701299,3.2467532467532467,23.07792207792208,10.363636363636363,31.155844155844157,18.272727272727273,46.90909090909091,17.12987012987013,22.103896103896105,11.636363636363637,21.805194805194805,8.493506493506494,18.142857142857142,25.623376623376622,66.16883116883118
103,05663,4.6103896103896105,11.96103896103896,11.155844155844155,7.285714285714286,20.155844155844157,21.246753246753247,24.116883116883116,17.506493506493506,12.805194805194805,60.48051948051948,58.81818181818182,9.051948051948052,16.4025974025974,23.935064935064936,31.714285714285715
104,05664,54.41558441558441,9.727272727272727,35.05194805194805,20.0,13.181818181818182,10.766233766233766,51.74025974025974,15.935064935064934,79.35064935064935,72.62337662337663,63.18181818181818,9.61038961038961,69.05194805194805,15.584415584415584,93.72727272727273
105,05665,5.883116883116883,30.948051948051948,31.662337662337663,36.79220779220779,24.12987012987013,44.506493506493506,24.727272727272727,25.714285714285715,24.181818181818183,29.350649350649352,19.87012987012987,29.25974025974026,14.480519480519481,26.805194805194805,12.467532467532468
106,05669,9.311688311688311,14.220779220779221,16.337662337662337,21.87012987012987,16.246753246753247,17.467532467532468,23.025974025974026,17.675324675324674,18.207792207792206,40.48051948051948,27.766233766233768,18.142857142857142,11.181818181818182,24.207792207792206,23.948051948051948
107,05673,20.12987012987013,32.57142857142857,18.766233766233768,45.1948051948052,34.4025974025974,26.454545454545453,44.48051948051948,30.350649350649352,27.961038961038962,40.12987012987013,32.02597402597402,29.74025974025974,20.350649350649352,44.55844155844156,32.506493506493506
108,05719,14.506493506493506,16.246753246753247,16.31168831168831,12.220779220779221,12.025974025974026,21.22077922077922,18.0,8.077922077922079,21.83116883116883,53.896103896103895,31.194805194805195,29.01298701298701,23.753246753246753,7.662337662337662,34.16883116883117
109,05720,13.03896103896104,13.545454545454545,17.038961038961038,23.558441558441558,28.649350649350648,19.12987012987013,16.558441558441558,16.727272727272727,32.66233766233766,55.96103896103896,56.98701298701299,15.207792207792208,28.662337662337663,29.0,43.857142857142854
110,05893,28.16883116883117,11.12987012987013,23.4025974025974,12.454545454545455,22.857142857142858,10.12987012987013,50.142857142857146,15.207792207792208,48.83116883116883,33.77922077922078,58.37662337662338,4.961038961038961,25.675324675324674,15.896103896103897,46.922077922077925
111,05894,23.25974025974026,12.662337662337663,21.051948051948052,39.103896103896105,32.97402597402598,32.23376623376623,35.63636363636363,37.64935064935065,21.662337662337663,58.96103896103896,66.1038961038961,48.38961038961039,56.48051948051948,60.532467532467535,46.44155844155844
112,05895,15.428571428571429,20.558441558441558,21.2987012987013,21.493506493506494,12.87012987012987,24.038961038961038,16.883116883116884,21.31168831168831,20.5974025974026,28.584415584415584,14.987012987012987,31.22077922077922,22.051948051948052,27.766233766233768,20.844155844155843
113,05897,23.4025974025974,18.142857142857142,12.272727272727273,49.25974025974026,61.506493506493506,71.15584415584415,69.41558441558442,30.415584415584416,87.54545454545455,78.16883116883118,87.07792207792208,17.48051948051948,27.883116883116884,68.75324675324676,105.84415584415585
114,05898,7.025974025974026,18.883116883116884,17.571428571428573,20.5974025974026,18.103896103896105,11.181818181818182,17.01298701298701,14.38961038961039,16.584415584415584,65.75324675324676,66.32467532467533,15.623376623376624,13.818181818181818,19.4025974025974,41.116883116883116
115,06000,3.2987012987012987,34.701298701298704,30.948051948051948,16.07792207792208,13.25974025974026,20.896103896103895,21.363636363636363,5.5064935064935066,18.98701298701299,55.37662337662338,49.97402597402598,16.038961038961038,9.376623376623376,11.805194805194805,42.25974025974026
116,06002,11.974025974025974,47.48051948051948,47.1948051948052,46.41558441558441,44.324675324675326,37.97402597402598,68.36363636363636,54.714285714285715,48.23376623376623,48.1948051948052,51.98701298701299,45.48051948051948,48.4025974025974,48.35064935064935,51.09090909090909
117,06166,12.792207792207792,15.324675324675324,15.623376623376624,33.76623376623377,48.285714285714285,22.454545454545453,14.207792207792208,60.35064935064935,39.467532467532465,76.72727272727273,71.32467532467533,13.428571428571429,18.805194805194805,108.24675324675324,71.05194805194805
118,06195,10.441558441558442,14.792207792207792,18.2987012987013,12.558441558441558,14.844155844155845,21.038961038961038,29.01298701298701,14.116883116883116,12.103896103896103,35.064935064935064,27.4025974025974,15.064935064935066,17.454545454545453,13.181818181818182,22.09090909090909
119,06196,16.324675324675326,9.727272727272727,7.558441558441558,5.220779220779221,25.51948051948052,12.597402597402597,19.883116883116884,20.441558441558442,20.25974025974026,35.1948051948052,32.467532467532465,25.571428571428573,14.0,35.103896103896105,14.233766233766234
120,06197,18.233766233766232,13.935064935064934,32.84415584415584,13.571428571428571,22.025974025974026,7.558441558441558,41.103896103896105,12.74025974025974,37.27272727272727,14.662337662337663,32.285714285714285,10.155844155844155,33.22077922077922,12.25974025974026,15.415584415584416
121,06247,12.857142857142858,15.428571428571429,21.727272727272727,35.103896103896105,47.25974025974026,25.883116883116884,28.935064935064936,26.272727272727273,40.90909090909091,54.41558441558441,35.35064935064935,22.415584415584416,18.7012987012987,52.74025974025974,43.37662337662338
122,06619,4.077922077922078,24.233766233766232,29.12987012987013,14.467532467532468,9.896103896103897,14.714285714285714,23.155844155844157,10.324675324675324,12.883116883116884,46.077922077922075,36.16883116883117,13.168831168831169,23.194805194805195,28.883116883116884,45.58441558441559
123,06620,14.376623376623376,26.68831168831169,44.467532467532465,29.272727272727273,49.688311688311686,48.0,37.64935064935065,44.0,24.233766233766232,53.4025974025974,25.571428571428573,46.63636363636363,44.23376623376623,26.545454545454547,25.376623376623378
124,06621,15.818181818181818,49.883116883116884,61.48051948051948,11.896103896103897,33.922077922077925,44.33766233766234,49.36363636363637,60.35064935064935,37.8051948051948,86.41558441558442,89.51948051948052,11.376623376623376,16.792207792207794,99.31168831168831,73.64935064935065
125,06627,12.96103896103896,16.883116883116884,41.27272727272727,17.506493506493506,21.493506493506494,21.246753246753247,37.48051948051948,14.38961038961039,24.454545454545453,93.1038961038961,82.22077922077922,27.0,11.662337662337663,21.428571428571427,49.753246753246756
126,06629,49.63636363636363,25.766233766233768,50.41558441558441,29.4025974025974,54.87012987012987,30.818181818181817,39.753246753246756,10.883116883116884,28.207792207792206,35.42857142857143,34.83116883116883,7.532467532467533,37.1948051948052,12.909090909090908,38.09090909090909
127,06630,8.467532467532468,13.2987012987013,11.519480519480519,14.2987012987013,18.324675324675326,7.181818181818182,19.16883116883117,23.16883116883117,28.68831168831169,65.74025974025975,61.76623376623377,8.948051948051948,8.272727272727273,13.233766233766234,54.688311688311686
128,06631,29.103896103896105,11.077922077922079,18.857142857142858,13.337662337662337,34.896103896103895,12.571428571428571,27.051948051948052,18.948051948051948,31.155844155844157,63.506493506493506,46.42857142857143,30.233766233766232,42.36363636363637,21.844155844155843,41.55844155844156
129,06632,26.25974025974026,9.558441558441558,24.558441558441558,25.285714285714285,37.76623376623377,23.376623376623378,62.883116883116884,14.090909090909092,30.350649350649352,62.63636363636363,89.42857142857143,21.935064935064936,12.636363636363637,46.883116883116884,75.16883116883118
130,06633,6.740259740259741,24.01298701298701,12.116883116883116,5.246753246753247,11.792207792207792,11.441558441558442,10.779220779220779,9.922077922077921,28.623376623376622,68.03896103896103,23.857142857142858,27.181818181818183,13.415584415584416,11.805194805194805,56.12987012987013
131,06634,12.805194805194805,10.662337662337663,8.844155844155845,15.805194805194805,9.051948051948052,14.922077922077921,9.896103896103897,16.74025974025974,26.675324675324674,94.49350649350649,95.98701298701299,18.337662337662337,11.246753246753247,31.428571428571427,32.66233766233766
132,06637,18.98701298701299,10.467532467532468,14.35064935064935,10.714285714285714,24.493506493506494,29.766233766233768,35.09090909090909,50.64935064935065,36.64935064935065,27.324675324675326,22.571428571428573,45.96103896103896,24.545454545454547,47.15584415584416,25.857142857142858
133,06638,18.948051948051948,39.98701298701299,54.298701298701296,14.506493506493506,19.857142857142858,16.545454545454547,14.727272727272727,31.77922077922078,43.246753246753244,39.37662337662338,24.12987012987013,8.896103896103897,20.2987012987013,43.35064935064935,52.41558441558441
134,06646,7.571428571428571,8.493506493506494,8.831168831168831,16.74025974025974,14.272727272727273,10.0,16.16883116883117,6.974025974025974,21.2987012987013,61.324675324675326,59.03896103896104,7.038961038961039,21.948051948051948,14.87012987012987,22.103896103896105
135,06647,28.649350649350648,27.116883116883116,51.84415584415584,6.623376623376624,41.8051948051948,6.51948051948052,34.324675324675326,35.896103896103895,43.714285714285715,40.22077922077922,40.688311688311686,32.51948051948052,34.94805194805195,19.77922077922078,32.77922077922078
136,06648,13.064935064935066,15.74025974025974,12.103896103896103,18.155844155844157,8.077922077922079,23.07792207792208,10.805194805194805,18.038961038961038,8.051948051948052,40.116883116883116,27.792207792207794,24.01298701298701,12.077922077922079,20.649350649350648,8.792207792207792
137,06649,21.935064935064936,15.03896103896104,10.402597402597403,19.064935064935064,21.2987012987013,21.2987012987013,35.64935064935065,30.506493506493506,21.467532467532468,52.5974025974026,66.42857142857143,17.363636363636363,26.324675324675326,23.09090909090909,19.61038961038961
138,06651,10.506493506493506,12.844155844155845,16.194805194805195,5.3896103896103895,14.74025974025974,4.636363636363637,6.818181818181818,3.8051948051948052,17.92207792207792,26.77922077922078,33.20779220779221,6.597402597402597,10.35064935064935,16.363636363636363,22.649350649350648
139,06652,7.454545454545454,13.064935064935066,5.740259740259741,6.64935064935065,14.35064935064935,10.467532467532468,10.415584415584416,10.376623376623376,13.519480519480519,18.038961038961038,21.22077922077922,5.12987012987013,7.025974025974026,18.51948051948052,27.77922077922078
140,06654,9.025974025974026,38.77922077922078,31.272727272727273,11.714285714285714,18.805194805194805,13.636363636363637,15.233766233766234,11.064935064935066,20.68831168831169,88.96103896103897,90.05194805194805,26.12987012987013,17.805194805194805,53.701298701298704,26.883116883116884
141,06655,18.68831168831169,10.805194805194805,19.285714285714285,19.207792207792206,13.480519480519481,21.51948051948052,36.714285714285715,29.454545454545453,11.103896103896103,34.15584415584416,47.61038961038961,17.116883116883116,19.98701298701299,24.662337662337663,7.402597402597403
142,06657,38.66233766233766,13.844155844155845,46.922077922077925,31.025974025974026,35.20779220779221,13.402597402597403,48.298701298701296,29.974025974025974,39.98701298701299,54.87012987012987,72.85714285714286,34.688311688311686,45.61038961038961,27.92207792207792,55.62337662337662
143,06658,5.857142857142857,15.831168831168831,13.0,19.246753246753247,20.428571428571427,20.532467532467532,25.766233766233768,7.714285714285714,30.77922077922078,52.675324675324674,28.948051948051948,14.753246753246753,18.493506493506494,19.441558441558442,13.571428571428571
144,06672,16.584415584415584,12.12987012987013,20.01298701298701,11.64935064935065,17.025974025974026,14.909090909090908,20.363636363636363,9.909090909090908,25.194805194805195,14.012987012987013,10.311688311688311,7.363636363636363,10.675324675324676,14.948051948051948,26.649350649350648
145,06674,17.961038961038962,39.714285714285715,45.84415584415584,13.974025974025974,33.103896103896105,28.01298701298701,18.974025974025974,15.779220779220779,11.779220779220779,55.03896103896104,24.61038961038961,58.63636363636363,50.77922077922078,21.98701298701299,15.623376623376624
146,06678,18.948051948051948,19.493506493506494,19.363636363636363,18.506493506493506,28.766233766233768,18.623376623376622,19.935064935064936,16.272727272727273,32.58441558441559,25.83116883116883,38.81818181818182,11.805194805194805,27.532467532467532,11.402597402597403,39.285714285714285
147,06679,10.207792207792208,6.012987012987013,11.168831168831169,8.857142857142858,14.467532467532468,8.38961038961039,6.025974025974026,12.207792207792208,8.766233766233766,19.948051948051948,20.428571428571427,14.64935064935065,10.61038961038961,14.207792207792208,4.779220779220779
148,06681,15.948051948051948,11.0,14.155844155844155,13.064935064935066,17.77922077922078,8.64935064935065,21.207792207792206,9.233766233766234,16.051948051948052,36.714285714285715,53.12987012987013,14.753246753246753,17.233766233766232,11.493506493506494,13.376623376623376
149,06715,9.363636363636363,19.935064935064936,18.532467532467532,29.4025974025974,20.025974025974026,25.753246753246753,29.753246753246753,8.480519480519481,19.7012987012987,45.493506493506494,19.25974025974026,6.883116883116883,19.207792207792206,14.662337662337663,29.68831168831169
150,06716,11.168831168831169,12.909090909090908,24.272727272727273,18.415584415584416,13.623376623376624,25.454545454545453,15.415584415584416,14.935064935064934,14.363636363636363,50.12987012987013,38.90909090909091,18.376623376623378,11.558441558441558,24.74025974025974,28.818181818181817
151,06717,36.97402597402598,38.87012987012987,28.818181818181817,26.948051948051948,45.41558441558441,25.51948051948052,28.31168831168831,16.181818181818183,50.98701298701299,33.15584415584416,54.38961038961039,23.363636363636363,38.311688311688314,23.649350649350648,30.974025974025974
152,06718,10.012987012987013,8.87012987012987,16.38961038961039,14.987012987012987,11.909090909090908,18.155844155844157,24.48051948051948,20.753246753246753,22.16883116883117,52.922077922077925,56.18181818181818,7.025974025974026,20.103896103896105,12.61038961038961,35.38961038961039
153,06719,11.7012987012987,13.38961038961039,28.961038961038962,26.064935064935064,22.77922077922078,10.467532467532468,42.298701298701296,23.818181818181817,33.64935064935065,24.584415584415584,26.272727272727273,35.8051948051948,33.97402597402598,11.064935064935066,29.2987012987013
154,06720,5.0519480519480515,12.935064935064934,14.077922077922079,20.506493506493506,15.077922077922079,17.116883116883116,22.753246753246753,22.233766233766232,14.675324675324676,44.27272727272727,38.72727272727273,13.532467532467532,14.402597402597403,23.649350649350648,44.467532467532465
155,06787,6.259740259740259,23.92207792207792,29.363636363636363,5.324675324675325,18.90909090909091,30.83116883116883,29.558441558441558,12.480519480519481,14.662337662337663,49.38961038961039,53.74025974025974,10.493506493506494,13.103896103896103,13.597402597402597,18.90909090909091
156,06790,8.142857142857142,18.675324675324674,18.2987012987013,7.0,10.064935064935066,9.0,18.272727272727273,6.012987012987013,19.064935064935064,14.571428571428571,15.493506493506494,16.428571428571427,16.350649350649352,7.5064935064935066,13.766233766233766
157,06791,24.07792207792208,24.753246753246753,17.753246753246753,23.714285714285715,25.2987012987013,16.31168831168831,19.0,18.350649350649352,26.207792207792206,21.363636363636363,18.051948051948052,26.01298701298701,17.90909090909091,21.545454545454547,34.714285714285715
158,06792,7.311688311688312,27.038961038961038,48.61038961038961,21.896103896103895,38.23376623376623,16.77922077922078,45.896103896103895,28.454545454545453,28.441558441558442,51.116883116883116,25.038961038961038,13.896103896103897,18.935064935064936,13.753246753246753,40.63636363636363
159,06793,12.64935064935065,14.38961038961039,19.662337662337663,30.038961038961038,34.33766233766234,60.701298701298704,72.1948051948052,24.48051948051948,22.0,77.81818181818181,27.558441558441558,6.883116883116883,22.818181818181817,25.428571428571427,28.350649350649352
160,06794,13.7012987012987,15.805194805194805,31.87012987012987,18.844155844155843,31.61038961038961,12.363636363636363,29.285714285714285,10.805194805194805,32.506493506493506,23.324675324675326,30.363636363636363,15.116883116883116,44.55844155844156,13.532467532467532,34.81818181818182
161,06795,25.194805194805195,17.4025974025974,16.25974025974026,20.324675324675326,17.51948051948052,30.233766233766232,23.532467532467532,22.61038961038961,16.246753246753247,50.467532467532465,57.15584415584416,7.558441558441558,3.2467532467532467,13.857142857142858,51.298701298701296
162,06797,15.96103896103896,60.35064935064935,21.974025974025974,26.545454545454547,16.467532467532468,47.09090909090909,61.506493506493506,24.935064935064936,46.79220779220779,68.77922077922078,40.883116883116884,36.96103896103896,26.7012987012987,73.22077922077922,44.1948051948052
163,06798,21.532467532467532,12.818181818181818,18.4025974025974,24.181818181818183,10.415584415584416,4.2727272727272725,12.64935064935065,19.675324675324674,37.41558441558441,72.46753246753246,39.37662337662338,12.233766233766234,8.545454545454545,46.883116883116884,62.87012987012987
164,06800,9.61038961038961,22.649350649350648,23.584415584415584,24.467532467532468,27.025974025974026,32.74025974025974,29.7012987012987,23.415584415584416,19.636363636363637,47.532467532467535,45.467532467532465,18.7012987012987,11.428571428571429,21.662337662337663,15.337662337662337
165,06802,15.311688311688311,31.363636363636363,51.285714285714285,32.103896103896105,31.83116883116883,11.844155844155845,34.63636363636363,28.181818181818183,25.896103896103895,25.714285714285715,29.09090909090909,24.649350649350648,10.545454545454545,16.844155844155843,30.558441558441558
166,06804,10.285714285714286,37.467532467532465,33.66233766233766,43.84415584415584,31.025974025974026,33.285714285714285,35.311688311688314,24.7012987012987,30.454545454545453,47.077922077922075,42.64935064935065,26.272727272727273,30.376623376623378,37.66233766233766,33.96103896103896
167,06805,7.623376623376624,13.272727272727273,11.285714285714286,14.155844155844155,18.571428571428573,35.58441558441559,25.233766233766232,15.64935064935065,5.285714285714286,18.376623376623378,22.155844155844157,12.636363636363637,7.818181818181818,9.168831168831169,7.662337662337662
168,06807,33.15584415584416,17.285714285714285,31.7012987012987,15.753246753246753,43.41558441558441,14.051948051948052,62.01298701298701,18.753246753246753,49.753246753246756,69.32467532467533,55.72727272727273,33.1948051948052,55.35064935064935,23.142857142857142,53.883116883116884
169,06808,28.441558441558442,12.662337662337663,31.727272727272727,9.116883116883116,43.35064935064935,9.077922077922079,44.37662337662338,11.181818181818182,35.701298701298704,64.8051948051948,37.94805194805195,4.857142857142857,39.5974025974026,18.038961038961038,38.18181818181818
170,06809,11.25974025974026,26.753246753246753,28.753246753246753,28.974025974025974,23.09090909090909,16.038961038961038,29.116883116883116,17.675324675324674,34.23376623376623,45.103896103896105,28.376623376623378,20.98701298701299,17.493506493506494,7.402597402597403,54.4025974025974
171,06810,4.363636363636363,13.675324675324676,16.61038961038961,26.051948051948052,15.974025974025974,39.84415584415584,12.64935064935065,22.5974025974026,17.285714285714285,50.25974025974026,47.79220779220779,29.532467532467532,10.766233766233766,43.15584415584416,42.103896103896105
172,06811,20.714285714285715,8.779220779220779,19.428571428571427,33.36363636363637,10.493506493506494,39.493506493506494,44.16883116883117,11.03896103896104,21.25974025974026,55.54545454545455,56.467532467532465,5.857142857142857,16.623376623376622,9.818181818181818,23.064935064935064
173,06812,7.545454545454546,18.68831168831169,24.83116883116883,12.402597402597403,21.337662337662337,8.363636363636363,24.714285714285715,10.909090909090908,23.51948051948052,64.51948051948052,55.66233766233766,9.896103896103897,21.532467532467532,10.220779220779221,25.571428571428573
174,06813,19.38961038961039,11.519480519480519,20.051948051948052,50.246753246753244,31.68831168831169,31.324675324675326,49.41558441558441,21.246753246753247,49.55844155844156,86.42857142857143,27.415584415584416,57.05194805194805,26.792207792207794,93.67532467532467,72.24675324675324
175,06814,11.896103896103897,24.532467532467532,19.324675324675326,44.77922077922078,16.038961038961038,34.467532467532465,31.38961038961039,26.454545454545453,32.94805194805195,78.83116883116882,64.44155844155844,12.909090909090908,20.441558441558442,71.03896103896103,59.83116883116883
176,06815,12.896103896103897,11.363636363636363,6.233766233766234,5.636363636363637,23.467532467532468,11.454545454545455,17.77922077922078,15.116883116883116,21.83116883116883,17.324675324675326,23.558441558441558,11.623376623376624,7.402597402597403,17.844155844155843,46.58441558441559
177,06816,10.0,11.467532467532468,16.961038961038962,16.116883116883116,22.662337662337663,23.233766233766232,19.5974025974026,12.844155844155845,47.8051948051948,40.42857142857143,40.311688311688314,11.285714285714286,7.922077922077922,15.714285714285714,48.12987012987013
178,06819,15.194805194805195,44.09090909090909,62.76623376623377,22.92207792207792,40.688311688311686,51.03896103896104,22.09090909090909,67.35064935064935,32.76623376623377,47.064935064935064,58.54545454545455,40.58441558441559,32.22077922077922,34.675324675324674,68.41558441558442
179,06820,34.45454545454545,10.558441558441558,37.51948051948052,6.35064935064935,24.064935064935064,16.493506493506494,17.337662337662337,11.636363636363637,41.857142857142854,104.22077922077922,83.06493506493507,36.01298701298701,12.7012987012987,45.506493506493506,42.77922077922078
180,06821,10.363636363636363,29.727272727272727,48.493506493506494,19.77922077922078,38.25974025974026,32.142857142857146,28.68831168831169,19.428571428571427,23.467532467532468,54.493506493506494,51.57142857142857,20.961038961038962,27.4025974025974,24.727272727272727,17.428571428571427
181,06822,16.896103896103895,16.51948051948052,27.662337662337663,28.233766233766232,34.5974025974026,38.883116883116884,53.44155844155844,24.818181818181817,47.57142857142857,70.74025974025975,78.11688311688312,31.935064935064936,32.142857142857146,64.0,82.55844155844156
182,06823,4.909090909090909,12.0,16.7012987012987,13.142857142857142,15.0,14.558441558441558,14.064935064935066,10.025974025974026,19.90909090909091,38.701298701298704,20.48051948051948,15.194805194805195,19.883116883116884,17.623376623376622,16.415584415584416
183,06824,33.922077922077925,15.987012987012987,36.18181818181818,22.207792207792206,32.36363636363637,50.36363636363637,53.64935064935065,49.74025974025974,50.54545454545455,63.922077922077925,60.37662337662338,17.376623376623378,48.83116883116883,72.74025974025975,71.93506493506493
184,06825,8.727272727272727,8.233766233766234,14.311688311688311,13.363636363636363,14.818181818181818,9.7012987012987,4.896103896103896,22.07792207792208,29.155844155844157,14.909090909090908,13.402597402597403,25.83116883116883,17.805194805194805,11.064935064935066,38.27272727272727
185,06826,18.558441558441558,9.285714285714286,16.233766233766232,12.688311688311689,25.363636363636363,18.5974025974026,15.480519480519481,50.896103896103895,18.961038961038962,62.896103896103895,66.46753246753246,70.50649350649351,30.974025974025974,22.844155844155843,22.68831168831169
186,06827,20.22077922077922,21.181818181818183,30.376623376623378,16.01298701298701,33.15584415584416,22.961038961038962,17.636363636363637,58.62337662337662,47.54545454545455,63.935064935064936,54.714285714285715,14.64935064935065,19.337662337662337,95.48051948051948,52.36363636363637
187,06828,15.181818181818182,16.25974025974026,14.194805194805195,5.116883116883117,14.805194805194805,13.935064935064934,10.545454545454545,10.584415584415584,15.12987012987013,62.57142857142857,55.36363636363637,7.025974025974026,6.532467532467533,9.194805194805195,10.727272727272727
188,06829,8.844155844155845,4.116883116883117,10.38961038961039,15.246753246753247,13.584415584415584,4.311688311688312,10.896103896103897,10.324675324675324,14.96103896103896,18.064935064935064,8.896103896103897,9.025974025974026,14.2987012987013,10.831168831168831,13.662337662337663
189,06830,13.220779220779221,24.142857142857142,30.532467532467532,11.25974025974026,34.298701298701296,16.818181818181817,24.207792207792206,28.181818181818183,71.02597402597402,61.25974025974026,67.0909090909091,11.688311688311689,23.376623376623378,115.02597402597402,100.50649350649351
190,06831,5.571428571428571,19.22077922077922,11.181818181818182,14.675324675324676,30.09090909090909,4.701298701298701,16.506493506493506,6.35064935064935,9.87012987012987,82.28571428571429,22.0,5.571428571428571,9.012987012987013,5.5064935064935066,9.38961038961039
191,06832,36.116883116883116,17.558441558441558,31.5974025974026,20.337662337662337,53.44155844155844,21.961038961038962,28.857142857142858,21.896103896103895,19.246753246753247,69.24675324675324,45.857142857142854,18.7012987012987,23.025974025974026,19.68831168831169,35.76623376623377
192,06833,22.961038961038962,14.662337662337663,12.38961038961039,12.493506493506494,18.532467532467532,23.233766233766232,28.83116883116883,14.714285714285714,35.142857142857146,98.62337662337663,75.84415584415585,7.545454545454546,45.96103896103896,36.0,87.27272727272727
193,06835,21.636363636363637,34.883116883116884,21.7012987012987,24.16883116883117,25.376623376623378,24.51948051948052,25.714285714285715,26.0,26.7012987012987,52.84415584415584,59.20779220779221,11.883116883116884,18.77922077922078,26.61038961038961,27.675324675324674
194,06836,17.142857142857142,32.506493506493506,26.506493506493506,30.22077922077922,35.753246753246756,29.571428571428573,49.0,29.09090909090909,27.805194805194805,35.20779220779221,27.493506493506494,15.662337662337663,17.77922077922078,21.38961038961039,45.09090909090909
195,06837,12.96103896103896,8.987012987012987,19.467532467532468,2.857142857142857,15.662337662337663,6.545454545454546,11.38961038961039,13.597402597402597,15.948051948051948,15.818181818181818,14.12987012987013,14.545454545454545,11.623376623376624,26.83116883116883,14.61038961038961
196,06838,3.311688311688312,14.155844155844155,16.38961038961039,21.961038961038962,13.909090909090908,55.922077922077925,14.428571428571429,9.64935064935065,30.051948051948052,72.25974025974025,25.467532467532468,9.857142857142858,15.12987012987013,67.25974025974025,56.76623376623377
197,06839,13.415584415584416,24.74025974025974,23.25974025974026,26.428571428571427,23.961038961038962,34.02597402597402,34.96103896103896,20.09090909090909,27.181818181818183,49.714285714285715,55.077922077922075,41.58441558441559,33.493506493506494,47.76623376623377,36.15584415584416
198,06840,10.155844155844155,12.103896103896103,17.01298701298701,28.467532467532468,20.7012987012987,27.545454545454547,52.4025974025974,15.688311688311689,20.623376623376622,61.324675324675326,66.85714285714286,19.766233766233768,18.7012987012987,6.4935064935064934,17.662337662337663
199,06841,13.519480519480519,9.25974025974026,12.857142857142858,25.662337662337663,13.077922077922079,18.61038961038961,11.584415584415584,13.38961038961039,35.81818181818182,51.753246753246756,46.4025974025974,17.584415584415584,11.207792207792208,11.220779220779221,36.09090909090909
200,06842,7.740259740259741,18.974025974025974,19.98701298701299,33.48051948051948,21.896103896103895,39.38961038961039,27.0,22.83116883116883,11.272727272727273,84.11688311688312,86.41558441558442,41.493506493506494,34.20779220779221,10.051948051948052,8.948051948051948
201,06843,19.545454545454547,15.090909090909092,24.662337662337663,20.714285714285715,27.545454545454547,14.506493506493506,32.12987012987013,16.246753246753247,25.61038961038961,20.09090909090909,26.350649350649352,19.48051948051948,26.454545454545453,22.7012987012987,24.363636363636363
202,06880,22.623376623376622,13.38961038961039,33.90909090909091,28.649350649350648,33.81818181818182,25.07792207792208,34.94805194805195,22.363636363636363,19.90909090909091,31.87012987012987,29.727272727272727,16.441558441558442,29.337662337662337,24.194805194805195,26.805194805194805
203,06881,10.987012987012987,17.545454545454547,22.415584415584416,14.38961038961039,17.948051948051948,18.2987012987013,23.16883116883117,12.883116883116884,20.753246753246753,49.74025974025974,38.298701298701296,10.935064935064934,24.415584415584416,17.38961038961039,27.493506493506494
204,06882,16.584415584415584,15.532467532467532,12.714285714285714,27.207792207792206,78.64935064935065,15.922077922077921,19.0,12.753246753246753,14.675324675324676,20.844155844155843,15.35064935064935,10.051948051948052,8.311688311688311,20.376623376623378,17.48051948051948
205,06883,14.727272727272727,10.428571428571429,10.35064935064935,14.727272727272727,35.285714285714285,43.22077922077922,45.55844155844156,23.428571428571427,23.7012987012987,78.76623376623377,40.55844155844156,14.168831168831169,15.311688311688311,20.974025974025974,14.96103896103896
206,06884,39.25974025974026,21.662337662337663,36.94805194805195,33.1948051948052,34.467532467532465,22.896103896103895,25.116883116883116,53.532467532467535,32.77922077922078,55.83116883116883,45.42857142857143,28.064935064935064,35.16883116883117,17.649350649350648,26.246753246753247
207,06885,23.116883116883116,17.948051948051948,30.714285714285715,16.7012987012987,34.311688311688314,17.61038961038961,39.896103896103895,19.181818181818183,33.467532467532465,25.83116883116883,21.662337662337663,11.077922077922079,27.7012987012987,11.090909090909092,20.194805194805195
208,06886,23.83116883116883,15.64935064935065,20.623376623376622,27.935064935064936,7.766233766233766,30.428571428571427,19.974025974025974,12.766233766233766,39.09090909090909,53.4025974025974,47.0,23.805194805194805,21.805194805194805,21.90909090909091,35.54545454545455
209,06887,16.545454545454547,23.623376623376622,32.688311688311686,19.532467532467532,30.415584415584416,18.649350649350648,21.441558441558442,37.896103896103895,32.57142857142857,63.27272727272727,52.506493506493506,44.42857142857143,28.376623376623378,19.09090909090909,15.285714285714286
210,06888,32.03896103896104,24.4025974025974,33.09090909090909,47.42857142857143,40.35064935064935,34.077922077922075,58.18181818181818,11.519480519480519,22.753246753246753,72.50649350649351,75.58441558441558,45.72727272727273,60.83116883116883,43.467532467532465,50.66233766233766
211,06889,7.8311688311688314,16.961038961038962,43.1948051948052,42.493506493506494,36.467532467532465,14.0,21.025974025974026,11.441558441558442,19.493506493506494,49.467532467532465,54.15584415584416,39.42857142857143,38.79220779220779,41.467532467532465,74.54545454545455
212,06890,12.142857142857142,22.87012987012987,22.805194805194805,22.675324675324674,16.87012987012987,15.831168831168831,39.857142857142854,28.545454545454547,30.2987012987013,33.1948051948052,33.285714285714285,44.87012987012987,26.961038961038962,19.246753246753247,16.38961038961039
213,06892,18.766233766233768,11.974025974025974,25.727272727272727,12.03896103896104,19.207792207792206,11.337662337662337,29.12987012987013,6.857142857142857,24.4025974025974,40.05194805194805,46.298701298701296,13.818181818181818,20.948051948051948,11.948051948051948,20.948051948051948
214,06988,12.116883116883116,16.753246753246753,20.74025974025974,15.935064935064934,24.22077922077922,12.883116883116884,24.31168831168831,7.818181818181818,14.285714285714286,30.025974025974026,27.428571428571427,17.935064935064936,13.974025974025974,14.74025974025974,33.37662337662338
215,06989,22.285714285714285,15.2987012987013,21.38961038961039,17.428571428571427,25.025974025974026,28.766233766233768,29.5974025974026,32.62337662337662,55.16883116883117,79.46753246753246,29.571428571428573,20.805194805194805,42.42857142857143,114.18181818181819,103.44155844155844
216,06990,25.896103896103895,41.48051948051948,57.33766233766234,26.636363636363637,26.01298701298701,30.142857142857142,33.02597402597402,26.90909090909091,74.63636363636364,65.6103896103896,90.59740259740259,26.441558441558442,28.98701298701299,59.58441558441559,56.57142857142857
217,06991,6.1558441558441555,36.37662337662338,30.0,15.012987012987013,25.376623376623378,14.636363636363637,22.116883116883116,17.662337662337663,11.402597402597403,42.45454545454545,19.376623376623378,10.922077922077921,18.92207792207792,19.83116883116883,27.051948051948052
218,06992,17.103896103896105,17.428571428571427,36.103896103896105,38.54545454545455,20.194805194805195,22.77922077922078,20.74025974025974,16.233766233766232,13.454545454545455,48.42857142857143,50.4025974025974,18.83116883116883,34.311688311688314,12.64935064935065,21.246753246753247
219,06993,22.272727272727273,34.62337662337662,20.649350649350648,24.896103896103895,17.974025974025974,25.22077922077922,28.01298701298701,30.77922077922078,43.64935064935065,29.558441558441558,23.01298701298701,38.064935064935064,14.675324675324676,28.31168831168831,63.87012987012987
220,06994,16.805194805194805,11.376623376623376,16.051948051948052,13.779220779220779,19.883116883116884,8.363636363636363,22.38961038961039,12.688311688311689,38.0,22.051948051948052,23.467532467532468,29.766233766233768,19.376623376623378,21.363636363636363,25.74025974025974
221,06995,35.97402597402598,30.38961038961039,29.038961038961038,15.909090909090908,24.792207792207794,20.61038961038961,20.025974025974026,38.90909090909091,32.15584415584416,58.74025974025974,42.298701298701296,11.324675324675324,30.766233766233768,32.077922077922075,65.16883116883118
222,06999,7.181818181818182,22.07792207792208,12.337662337662337,18.974025974025974,8.532467532467532,10.818181818181818,35.324675324675326,8.155844155844155,34.79220779220779,39.103896103896105,27.454545454545453,21.90909090909091,17.675324675324674,51.77922077922078,30.350649350649352
223,07009,5.688311688311688,22.68831168831169,10.116883116883116,23.7012987012987,12.675324675324676,27.7012987012987,16.51948051948052,6.103896103896104,42.27272727272727,77.15584415584415,38.57142857142857,19.324675324675326,17.363636363636363,20.246753246753247,55.62337662337662
224,07017,23.025974025974026,35.77922077922078,32.714285714285715,18.961038961038962,37.506493506493506,13.493506493506494,24.92207792207792,19.857142857142858,24.844155844155843,46.883116883116884,30.12987012987013,17.506493506493506,14.077922077922079,36.077922077922075,50.37662337662338
225,07018,9.987012987012987,14.03896103896104,9.935064935064934,10.96103896103896,18.766233766233768,26.974025974025974,19.415584415584416,16.01298701298701,42.05194805194805,42.02597402597402,36.87012987012987,24.98701298701299,13.766233766233766,32.51948051948052,50.01298701298701
226,07019,7.181818181818182,8.987012987012987,13.12987012987013,8.064935064935066,12.415584415584416,8.428571428571429,30.428571428571427,16.5974025974026,15.805194805194805,48.701298701298704,44.66233766233766,13.246753246753247,15.38961038961039,18.415584415584416,29.285714285714285
227,07020,12.116883116883116,15.363636363636363,21.87012987012987,17.415584415584416,18.064935064935064,13.194805194805195,16.350649350649352,11.025974025974026,31.545454545454547,25.558441558441558,32.38961038961039,29.714285714285715,19.766233766233768,17.103896103896105,31.532467532467532
228,07021,12.909090909090908,10.051948051948052,9.480519480519481,12.03896103896104,7.181818181818182,6.090909090909091,11.194805194805195,17.181818181818183,18.025974025974026,20.558441558441558,14.805194805194805,10.818181818181818,8.116883116883116,12.324675324675324,11.35064935064935
229,07022,13.480519480519481,6.8441558441558445,14.337662337662337,12.064935064935066,14.428571428571429,13.103896103896103,16.636363636363637,9.441558441558442,11.597402597402597,21.571428571428573,14.428571428571429,13.311688311688311,17.74025974025974,4.753246753246753,18.98701298701299
230,07023,11.519480519480519,22.805194805194805,21.207792207792206,14.077922077922079,16.5974025974026,22.01298701298701,24.51948051948052,5.376623376623376,8.272727272727273,32.883116883116884,29.727272727272727,10.272727272727273,9.558441558441558,7.935064935064935,12.025974025974026
231,07024,7.532467532467533,11.662337662337663,11.831168831168831,9.363636363636363,24.753246753246753,40.55844155844156,43.285714285714285,23.181818181818183,35.285714285714285,65.6103896103896,66.8961038961039,9.61038961038961,19.350649350649352,50.064935064935064,77.98701298701299
232,07025,21.584415584415584,44.15584415584416,50.116883116883116,20.727272727272727,29.51948051948052,34.116883116883116,22.558441558441558,20.467532467532468,20.623376623376622,58.97402597402598,21.155844155844157,22.337662337662337,14.38961038961039,28.68831168831169,22.233766233766232
233,07038,8.506493506493506,7.558441558441558,9.974025974025974,11.402597402597403,13.077922077922079,13.467532467532468,48.83116883116883,23.5974025974026,37.64935064935065,47.96103896103896,27.376623376623378,11.337662337662337,21.571428571428573,36.857142857142854,54.467532467532465
234,07039,6.8311688311688314,9.337662337662337,12.12987012987013,5.571428571428571,9.558441558441558,26.31168831168831,12.844155844155845,31.545454545454547,20.77922077922078,53.532467532467535,28.77922077922078,30.584415584415584,9.662337662337663,33.72727272727273,29.77922077922078
235,07040,11.38961038961039,7.857142857142857,11.597402597402597,4.207792207792208,11.805194805194805,13.2987012987013,21.584415584415584,11.38961038961039,27.766233766233768,74.1948051948052,51.61038961038961,19.155844155844157,12.480519480519481,23.532467532467532,35.03896103896104
236,07041,38.87012987012987,18.415584415584416,65.97402597402598,13.61038961038961,32.22077922077922,24.506493506493506,34.03896103896104,9.441558441558442,50.87012987012987,65.50649350649351,109.92207792207792,21.61038961038961,59.38961038961039,25.25974025974026,33.33766233766234
237,07043,24.01298701298701,30.92207792207792,29.844155844155843,14.7012987012987,30.376623376623378,35.09090909090909,44.064935064935064,24.324675324675326,40.58441558441559,55.675324675324674,29.207792207792206,14.272727272727273,33.66233766233766,59.675324675324674,75.53246753246754
238,07045,16.662337662337663,27.272727272727273,30.61038961038961,22.68831168831169,38.25974025974026,17.454545454545453,26.01298701298701,27.25974025974026,37.0,45.83116883116883,35.96103896103896,13.766233766233766,18.441558441558442,12.766233766233766,41.45454545454545
239,07046,18.363636363636363,24.90909090909091,27.766233766233768,42.675324675324674,25.16883116883117,49.883116883116884,39.8051948051948,18.48051948051948,28.324675324675326,55.311688311688314,55.116883116883116,17.350649350649352,15.194805194805195,58.72727272727273,54.675324675324674
240,07047,9.233766233766234,25.103896103896105,36.05194805194805,16.493506493506494,18.714285714285715,19.0,38.857142857142854,29.623376623376622,28.194805194805195,60.25974025974026,28.98701298701299,6.311688311688312,21.87012987012987,23.571428571428573,22.935064935064936
241,07048,20.051948051948052,24.714285714285715,17.662337662337663,19.727272727272727,31.025974025974026,16.493506493506494,11.233766233766234,21.337662337662337,35.77922077922078,11.844155844155845,22.571428571428573,12.35064935064935,30.83116883116883,20.792207792207794,25.92207792207792
242,07049,16.324675324675326,12.779220779220779,22.337662337662337,19.7012987012987,17.805194805194805,22.48051948051948,23.103896103896105,31.194805194805195,35.22077922077922,19.038961038961038,19.98701298701299,31.16883116883117,23.948051948051948,30.337662337662337,36.54545454545455
243,07050,6.038961038961039,16.233766233766232,13.454545454545455,14.7012987012987,5.415584415584416,26.155844155844157,14.38961038961039,13.168831168831169,10.519480519480519,22.155844155844157,18.87012987012987,23.662337662337663,20.428571428571427,14.493506493506494,16.493506493506494
244,07051,8.012987012987013,6.51948051948052,9.779220779220779,4.87012987012987,8.753246753246753,5.48051948051948,11.077922077922079,7.038961038961039,5.909090909090909,10.324675324675324,11.12987012987013,7.922077922077922,8.324675324675324,6.571428571428571,3.4415584415584415
245,07052,31.22077922077922,19.376623376623378,24.441558441558442,29.0,16.181818181818183,24.7012987012987,16.532467532467532,16.92207792207792,6.116883116883117,88.1038961038961,84.67532467532467,20.714285714285715,32.97402597402598,40.15584415584416,42.18181818181818
246,07053,22.441558441558442,39.532467532467535,10.233766233766234,8.168831168831169,10.623376623376624,17.16883116883117,12.207792207792208,13.792207792207792,43.01298701298701,71.54545454545455,60.20779220779221,27.51948051948052,28.98701298701299,45.77922077922078,62.02597402597402
247,07054,8.753246753246753,37.45454545454545,22.649350649350648,49.506493506493506,55.44155844155844,25.506493506493506,47.57142857142857,96.14285714285714,129.11688311688312,67.48051948051948,68.74025974025975,30.4025974025974,28.324675324675326,133.7012987012987,163.23376623376623
248,07089,16.22077922077922,20.493506493506494,24.285714285714285,21.805194805194805,18.714285714285715,17.337662337662337,15.675324675324676,12.831168831168831,14.766233766233766,36.96103896103896,26.0,19.142857142857142,15.597402597402597,39.94805194805195,28.116883116883116
249,07090,32.18181818181818,40.532467532467535,43.79220779220779,29.103896103896105,29.83116883116883,27.0,15.12987012987013,31.948051948051948,41.324675324675326,92.8961038961039,83.51948051948052,15.623376623376624,17.792207792207794,89.11688311688312,80.7012987012987
250,07091,18.324675324675326,11.506493506493506,37.41558441558441,10.636363636363637,30.207792207792206,20.805194805194805,37.298701298701296,22.532467532467532,37.064935064935064,44.688311688311686,40.74025974025974,21.571428571428573,26.025974025974026,23.272727272727273,75.66233766233766
251,07106,36.883116883116884,30.116883116883116,44.51948051948052,30.896103896103895,24.181818181818183,23.064935064935064,38.532467532467535,23.116883116883116,41.54545454545455,32.467532467532465,36.8051948051948,35.62337662337662,38.857142857142854,25.207792207792206,31.324675324675326
252,07107,22.454545454545453,26.896103896103895,38.81818181818182,23.727272727272727,25.98701298701299,27.584415584415584,44.12987012987013,29.558441558441558,47.84415584415584,36.064935064935064,55.98701298701299,17.545454545454547,31.038961038961038,33.77922077922078,65.58441558441558
253,07108,28.766233766233768,8.883116883116884,18.974025974025974,39.064935064935064,41.37662337662338,21.727272727272727,34.98701298701299,37.857142857142854,22.558441558441558,30.454545454545453,55.935064935064936,20.16883116883117,16.948051948051948,15.194805194805195,16.675324675324674
254,07109,45.142857142857146,5.636363636363637,10.662337662337663,29.4025974025974,26.558441558441558,8.38961038961039,19.22077922077922,13.519480519480519,10.662337662337663,31.09090909090909,47.25974025974026,15.623376623376624,22.51948051948052,17.61038961038961,12.246753246753247
255,07113,44.57142857142857,22.025974025974026,37.4025974025974,23.753246753246753,32.48051948051948,22.532467532467532,39.285714285714285,21.285714285714285,39.103896103896105,47.55844155844156,79.76623376623377,29.16883116883117,44.77922077922078,84.24675324675324,97.03896103896103
256,07114,12.792207792207792,23.74025974025974,12.142857142857142,27.961038961038962,13.974025974025974,25.948051948051948,31.16883116883117,38.98701298701299,20.285714285714285,87.64935064935065,63.506493506493506,21.324675324675326,25.12987012987013,39.61038961038961,31.90909090909091
257,07115,5.805194805194805,27.545454545454547,23.623376623376622,57.61038961038961,11.688311688311689,27.441558441558442,14.012987012987013,8.415584415584416,12.935064935064934,60.72727272727273,44.87012987012987,36.27272727272727,32.37662337662338,9.987012987012987,7.038961038961039
258,07116,17.98701298701299,12.506493506493506,13.571428571428571,24.493506493506494,19.83116883116883,32.103896103896105,34.79220779220779,21.571428571428573,34.064935064935064,54.97402597402598,46.857142857142854,17.038961038961038,25.766233766233768,42.62337662337662,55.896103896103895
259,07117,10.493506493506494,11.688311688311689,17.38961038961039,11.896103896103897,12.688311688311689,10.480519480519481,12.0,2.8701298701298703,10.792207792207792,55.09090909090909,51.58441558441559,5.402597402597403,12.623376623376624,18.01298701298701,9.64935064935065
260,07118,12.311688311688311,23.31168831168831,7.363636363636363,12.688311688311689,19.12987012987013,16.324675324675326,10.597402597402597,4.922077922077922,29.584415584415584,50.688311688311686,20.571428571428573,8.0,14.116883116883116,14.285714285714286,29.428571428571427
261,07120,15.337662337662337,12.883116883116884,12.441558441558442,25.22077922077922,17.246753246753247,13.805194805194805,49.98701298701299,26.857142857142858,42.66233766233766,63.37662337662338,27.545454545454547,27.766233766233768,17.714285714285715,149.01298701298703,93.63636363636364
262,07121,11.753246753246753,8.909090909090908,20.337662337662337,10.493506493506494,18.415584415584416,18.12987012987013,24.506493506493506,26.376623376623378,43.12987012987013,43.58441558441559,21.857142857142858,12.753246753246753,14.623376623376624,34.77922077922078,93.88311688311688
263,07122,20.61038961038961,14.441558441558442,15.805194805194805,34.55844155844156,64.84415584415585,62.87012987012987,49.1948051948052,89.76623376623377,73.12987012987013,46.33766233766234,48.142857142857146,17.31168831168831,25.103896103896105,73.07792207792208,65.7012987012987
264,07123,17.415584415584416,52.467532467532465,18.142857142857142,12.0,20.935064935064936,11.857142857142858,21.207792207792206,16.753246753246753,31.68831168831169,40.81818181818182,24.883116883116884,9.792207792207792,17.753246753246753,46.064935064935064,52.15584415584416
265,07124,24.038961038961038,10.831168831168831,36.22077922077922,20.181818181818183,36.42857142857143,20.844155844155843,26.532467532467532,33.4025974025974,51.701298701298704,55.51948051948052,36.18181818181818,24.90909090909091,23.233766233766232,16.428571428571427,31.064935064935064
266,07125,22.714285714285715,24.428571428571427,41.22077922077922,5.415584415584416,37.506493506493506,14.74025974025974,21.103896103896105,24.83116883116883,32.935064935064936,41.311688311688314,37.74025974025974,21.285714285714285,34.883116883116884,55.298701298701296,34.37662337662338
267,07126,9.480519480519481,13.142857142857142,11.2987012987013,13.272727272727273,8.012987012987013,22.571428571428573,6.597402597402597,29.272727272727273,21.935064935064936,12.441558441558442,14.766233766233766,18.662337662337663,11.64935064935065,27.103896103896105,17.545454545454547
268,07130,15.207792207792208,20.051948051948052,35.79220779220779,26.844155844155843,28.5974025974026,18.07792207792208,32.246753246753244,18.0,32.5974025974026,55.54545454545455,106.53246753246754,13.402597402597403,27.974025974025974,17.051948051948052,41.96103896103896
269,07131,8.376623376623376,10.272727272727273,18.98701298701299,11.675324675324676,20.181818181818183,21.415584415584416,23.064935064935064,9.688311688311689,12.467532467532468,22.25974025974026,15.766233766233766,10.25974025974026,16.2987012987013,5.311688311688312,11.181818181818182
270,07132,8.792207792207792,36.493506493506494,28.25974025974026,16.662337662337663,21.038961038961038,11.948051948051948,23.68831168831169,12.714285714285714,9.766233766233766,50.12987012987013,29.31168831168831,11.051948051948052,26.454545454545453,23.61038961038961,22.2987012987013
271,07133,8.363636363636363,9.025974025974026,22.5974025974026,3.909090909090909,25.467532467532468,8.597402597402597,10.272727272727273,8.402597402597403,36.15584415584416,7.220779220779221,16.376623376623378,14.064935064935066,19.22077922077922,12.818181818181818,35.25974025974026
272,07134,4.987012987012987,21.48051948051948,21.116883116883116,24.7012987012987,16.805194805194805,30.77922077922078,18.883116883116884,15.415584415584416,25.792207792207794,76.68831168831169,40.311688311688314,21.961038961038962,21.415584415584416,40.33766233766234,26.07792207792208
273,07135,11.532467532467532,15.311688311688311,12.532467532467532,16.2987012987013,22.207792207792206,26.571428571428573,22.68831168831169,34.116883116883116,19.857142857142858,64.40259740259741,33.81818181818182,14.545454545454545,14.337662337662337,38.97402597402598,38.01298701298701
274,07136,5.571428571428571,7.961038961038961,27.467532467532468,17.935064935064936,17.363636363636363,21.857142857142858,42.79220779220779,11.818181818181818,23.01298701298701,62.298701298701296,38.35064935064935,15.636363636363637,13.584415584415584,41.94805194805195,60.57142857142857
275,07137,12.155844155844155,24.285714285714285,40.0,20.142857142857142,47.57142857142857,12.090909090909092,17.948051948051948,15.194805194805195,30.4025974025974,58.44155844155844,52.58441558441559,7.6103896103896105,26.22077922077922,37.714285714285715,57.25974025974026
276,07141,12.675324675324676,8.207792207792208,20.07792207792208,14.142857142857142,13.103896103896103,35.27272727272727,31.961038961038962,14.87012987012987,15.363636363636363,43.03896103896104,40.16883116883117,22.103896103896105,18.038961038961038,35.57142857142857,27.48051948051948
277,07142,13.142857142857142,26.350649350649352,15.272727272727273,17.857142857142858,15.12987012987013,31.142857142857142,31.584415584415584,7.467532467532467,14.584415584415584,40.79220779220779,49.20779220779221,14.376623376623376,12.012987012987013,20.98701298701299,18.805194805194805
278,07143,13.909090909090908,18.428571428571427,23.532467532467532,31.623376623376622,26.363636363636363,42.324675324675326,22.363636363636363,35.41558441558441,29.83116883116883,50.35064935064935,43.74025974025974,20.896103896103895,21.7012987012987,39.37662337662338,29.636363636363637
279,07208,19.506493506493506,16.61038961038961,19.714285714285715,23.4025974025974,17.181818181818183,14.974025974025974,32.467532467532465,11.558441558441558,20.246753246753247,31.974025974025974,36.64935064935065,13.818181818181818,21.506493506493506,14.64935064935065,26.025974025974026
280,07210,5.87012987012987,19.025974025974026,33.33766233766234,37.15584415584416,7.597402597402597,47.72727272727273,48.94805194805195,20.48051948051948,20.4025974025974,32.62337662337662,34.116883116883116,31.194805194805195,27.649350649350648,9.792207792207792,8.441558441558442
281,07212,11.35064935064935,25.207792207792206,31.16883116883117,14.428571428571429,20.584415584415584,21.376623376623378,27.09090909090909,17.857142857142858,31.441558441558442,34.896103896103895,49.57142857142857,22.246753246753247,33.98701298701299,19.12987012987013,23.753246753246753
282,07213,9.792207792207792,24.87012987012987,38.97402597402598,14.337662337662337,12.103896103896103,14.61038961038961,11.831168831168831,21.12987012987013,71.83116883116882,53.16883116883117,49.23376623376623,25.636363636363637,20.571428571428573,50.66233766233766,39.76623376623377
283,07214,42.48051948051948,39.142857142857146,42.87012987012987,40.44155844155844,35.45454545454545,37.467532467532465,37.077922077922075,43.37662337662338,33.90909090909091,48.37662337662338,39.63636363636363,40.01298701298701,38.15584415584416,46.35064935064935,31.2987012987013
284,07215,10.896103896103897,14.584415584415584,11.896103896103897,24.584415584415584,16.207792207792206,7.636363636363637,34.12987012987013,7.0519480519480515,19.92207792207792,23.4025974025974,32.688311688311686,7.090909090909091,25.01298701298701,5.441558441558442,69.28571428571429
285,07216,19.714285714285715,23.233766233766232,23.974025974025974,33.72727272727273,36.05194805194805,42.98701298701299,39.84415584415584,20.584415584415584,26.194805194805195,32.94805194805195,32.54545454545455,25.272727272727273,31.467532467532468,27.896103896103895,20.584415584415584
286,07217,15.467532467532468,44.714285714285715,61.38961038961039,32.4025974025974,47.753246753246756,31.246753246753247,30.454545454545453,23.233766233766232,25.5974025974026,51.324675324675326,57.5974025974026,51.753246753246756,36.077922077922075,21.532467532467532,25.649350649350648
287,07226,19.623376623376622,42.142857142857146,47.90909090909091,34.12987012987013,17.22077922077922,28.948051948051948,49.688311688311686,21.792207792207794,21.48051948051948,96.23376623376623,86.49350649350649,23.636363636363637,18.363636363636363,21.48051948051948,14.376623376623376
288,07227,19.68831168831169,93.31168831168831,138.64935064935065,51.753246753246756,75.79220779220779,69.57142857142857,51.61038961038961,77.88311688311688,58.0,48.077922077922075,40.311688311688314,43.79220779220779,55.57142857142857,104.71428571428571,60.467532467532465
289,07228,14.519480519480519,17.207792207792206,15.064935064935066,16.454545454545453,17.92207792207792,9.753246753246753,10.311688311688311,10.857142857142858,14.415584415584416,35.09090909090909,16.714285714285715,18.90909090909091,13.948051948051948,15.12987012987013,53.44155844155844
290,07229,11.792207792207792,12.025974025974026,26.948051948051948,5.64935064935065,20.83116883116883,13.0,18.896103896103895,10.03896103896104,22.493506493506494,19.896103896103895,28.974025974025974,15.519480519480519,13.2987012987013,10.584415584415584,24.662337662337663
291,07230,12.96103896103896,14.74025974025974,6.7272727272727275,18.207792207792206,22.61038961038961,13.987012987012987,14.077922077922079,22.51948051948052,14.181818181818182,33.55844155844156,15.766233766233766,14.116883116883116,20.532467532467532,22.545454545454547,29.675324675324674
292,07231,22.649350649350648,20.01298701298701,25.493506493506494,10.077922077922079,18.948051948051948,9.831168831168831,16.90909090909091,9.311688311688311,33.18181818181818,31.48051948051948,27.857142857142858,17.207792207792206,21.5974025974026,17.818181818181817,38.142857142857146
293,07232,15.12987012987013,18.883116883116884,22.285714285714285,21.428571428571427,24.974025974025974,17.87012987012987,33.98701298701299,7.1688311688311686,27.493506493506494,14.844155844155845,24.233766233766232,24.428571428571427,24.7012987012987,13.714285714285714,21.441558441558442
294,07233,7.961038961038961,20.623376623376622,16.857142857142858,14.142857142857142,19.623376623376622,14.2987012987013,26.5974025974026,5.064935064935065,13.064935064935066,52.38961038961039,58.62337662337662,8.12987012987013,16.92207792207792,5.4935064935064934,9.35064935064935
295,07234,15.714285714285714,11.61038961038961,26.155844155844157,16.818181818181817,22.532467532467532,8.493506493506494,21.116883116883116,10.246753246753247,55.25974025974026,85.37662337662337,48.116883116883116,13.584415584415584,12.181818181818182,22.07792207792208,53.90909090909091
296,07235,31.68831168831169,25.61038961038961,19.324675324675326,18.12987012987013,30.649350649350648,35.41558441558441,17.98701298701299,27.116883116883116,34.76623376623377,25.025974025974026,35.02597402597402,34.883116883116884,34.41558441558441,45.63636363636363,40.01298701298701
297,07236,18.87012987012987,25.454545454545453,30.623376623376622,28.272727272727273,25.92207792207792,18.363636363636363,30.428571428571427,29.467532467532468,26.441558441558442,30.636363636363637,30.805194805194805,28.415584415584416,33.506493506493506,22.16883116883117,18.87012987012987
298,07237,12.467532467532468,6.532467532467533,24.974025974025974,14.935064935064934,15.857142857142858,14.584415584415584,9.805194805194805,23.87012987012987,6.688311688311688,18.90909090909091,18.285714285714285,11.402597402597403,10.831168831168831,16.181818181818183,7.311688311688312
299,07238,20.415584415584416,29.68831168831169,24.714285714285715,14.831168831168831,17.51948051948052,23.0,31.246753246753247,32.33766233766234,15.636363636363637,22.896103896103895,22.493506493506494,23.68831168831169,19.233766233766232,29.441558441558442,12.363636363636363
300,07239,14.077922077922079,18.12987012987013,27.116883116883116,26.584415584415584,23.974025974025974,28.272727272727273,29.272727272727273,11.896103896103897,29.16883116883117,26.896103896103895,29.363636363636363,22.025974025974026,21.324675324675326,44.44155844155844,22.7012987012987
301,07240,19.857142857142858,21.92207792207792,18.636363636363637,14.766233766233766,16.025974025974026,16.83116883116883,39.20779220779221,13.61038961038961,25.48051948051948,58.532467532467535,52.74025974025974,25.31168831168831,16.12987012987013,38.16883116883117,20.805194805194805
302,07241,11.103896103896103,13.051948051948052,11.337662337662337,7.077922077922078,6.623376623376624,6.103896103896104,9.571428571428571,5.285714285714286,8.545454545454545,19.584415584415584,20.01298701298701,9.688311688311689,14.363636363636363,5.779220779220779,8.532467532467532
303,07242,14.779220779220779,26.194805194805195,43.97402597402598,19.363636363636363,15.090909090909092,12.181818181818182,37.74025974025974,31.051948051948052,46.09090909090909,61.4025974025974,19.77922077922078,12.857142857142858,14.337662337662337,22.753246753246753,25.5974025974026
304,07243,21.2987012987013,30.558441558441558,35.83116883116883,30.974025974025974,48.467532467532465,30.493506493506494,19.155844155844157,13.35064935064935,25.350649350649352,33.90909090909091,25.2987012987013,13.142857142857142,22.623376623376622,12.532467532467532,24.90909090909091
305,07244,12.272727272727273,12.363636363636363,23.7012987012987,30.376623376623378,42.51948051948052,16.792207792207794,21.181818181818183,12.922077922077921,24.584415584415584,24.467532467532468,44.79220779220779,11.090909090909092,20.857142857142858,22.415584415584416,59.51948051948052
306,07245,14.571428571428571,20.68831168831169,29.0,12.311688311688311,15.922077922077921,12.64935064935065,10.428571428571429,16.92207792207792,20.68831168831169,63.62337662337662,20.428571428571427,18.896103896103895,28.363636363636363,16.194805194805195,33.74025974025974
307,07394,8.493506493506494,6.6103896103896105,10.766233766233766,12.896103896103897,12.766233766233766,6.857142857142857,9.623376623376624,13.285714285714286,32.03896103896104,28.623376623376622,12.87012987012987,10.7012987012987,11.74025974025974,25.61038961038961,36.36363636363637
308,07395,19.207792207792206,8.805194805194805,31.974025974025974,13.051948051948052,32.63636363636363,36.76623376623377,24.181818181818183,11.636363636363637,22.623376623376622,70.07792207792208,28.285714285714285,5.623376623376624,33.72727272727273,19.415584415584416,27.246753246753247
